{"schemaVersion":"1.0","appDefinitionTemplate":{"id":"/providers/Microsoft.PowerApps/apps/","type":"Microsoft.PowerApps/apps","tags":{"primaryDeviceWidth":"640","primaryDeviceHeight":"1136","sienaVersion":"20200904T023202Z-3.20084.9.0","deviceCapabilities":"","supportsPortrait":"true","supportsLandscape":"false","primaryFormFactor":"Phone","publisherVersion":"3.20084.9","minimumRequiredApiVersion":"2.2.0","hasComponent":"false","hasUnlockedComponent":"false","isUnifiedRootApp":"false"},"properties":{"appVersion":"2020-09-04T02:32:02Z","lifeCycleId":"Published","createdByClientVersion":{"major":3,"minor":20084,"build":9,"revision":0,"majorRevision":0,"minorRevision":0},"minClientVersion":{"major":3,"minor":20084,"build":9,"revision":0,"majorRevision":0,"minorRevision":0},"backgroundColor":"rgba(1, 131, 134, 1)","backgroundImageUri":"/16997168541138249583/N3a0b9976-b522-4005-b82a-3c7939586066-logoSmallFile","displayName":"電卓","description":"シンプルな電卓アプリです。","commitMessage":"","appUris":{"documentUri":{"value":"/16997168541138249583/N0e382c63-6300-4152-ad6e-a5fe62c5c587-document.msapp","readonlyValue":"/16997168541138249583/N0e382c63-6300-4152-ad6e-a5fe62c5c587-document.msapp"},"imageUris":[]},"createdTime":"0001-01-01T00:00:00Z","lastModifiedTime":"0001-01-01T00:00:00Z","sharedGroupsCount":0,"sharedUsersCount":0,"icons":{"smallIconUri":"/16997168541138249583/N08133d1d-0943-4db2-9599-87a41ace13db-small.png","mediumIconUri":"/16997168541138249583/N7e02fddb-220f-4e51-9ffe-0ff7b61e80cb-medium.png","largeIconUri":"/16997168541138249583/Neb521c5c-514d-4cac-8bf5-2d1baa71b42d-large.png","wideIconUri":"/16997168541138249583/N56e08abe-0d17-4ccd-a8ac-242bacbfbed7-wide.png"},"connectionReferences":{},"databaseReferences":{},"almMode":"Environment","performanceOptimizationEnabled":true,"canConsumeAppPass":true},"isAppComponentLibrary":false,"appType":"ClassicCanvasApp","appComponents":[]}}