{"schemaVersion":"1.0","appDefinitionTemplate":{"id":"/providers/Microsoft.PowerApps/apps/","type":"Microsoft.PowerApps/apps","tags":{"primaryDeviceWidth":"640","primaryDeviceHeight":"1136","sienaVersion":"20200912T150355Z-3.20085.19.0","deviceCapabilities":"","supportsPortrait":"true","supportsLandscape":"false","primaryFormFactor":"Phone","publisherVersion":"3.20085.19","minimumRequiredApiVersion":"2.2.0","hasComponent":"false","hasUnlockedComponent":"false","isUnifiedRootApp":"false"},"properties":{"appVersion":"2020-09-12T15:03:55Z","lifeCycleId":"Published","createdByClientVersion":{"major":3,"minor":20085,"build":19,"revision":0,"majorRevision":0,"minorRevision":0},"minClientVersion":{"major":3,"minor":20085,"build":19,"revision":0,"majorRevision":0,"minorRevision":0},"backgroundColor":"rgba(0, 176, 240, 1)","backgroundImageUri":"/15578247369375357890/N4828a7cc-9bde-4eb4-9649-447b5af31501-logoSmallFile","displayName":"【ゲーム】Touch the Numbers","description":"","commitMessage":"","appUris":{"documentUri":{"value":"/15578247369375357890/N651a22f7-8747-49f8-b424-2a60f243ad5e-document.msapp","readonlyValue":"/15578247369375357890/N651a22f7-8747-49f8-b424-2a60f243ad5e-document.msapp"},"imageUris":[]},"createdTime":"0001-01-01T00:00:00Z","lastModifiedTime":"0001-01-01T00:00:00Z","sharedGroupsCount":0,"sharedUsersCount":0,"icons":{"smallIconUri":"/15578247369375357890/N6f59aa7b-6a43-419d-8b6c-a56e73527ac4-small.png","mediumIconUri":"/15578247369375357890/N703028bb-e59f-4191-a444-c2dedbc5b86a-medium.png","largeIconUri":"/15578247369375357890/N1d5b1e0f-ec17-4af5-a302-6bf8aa095a83-large.png","wideIconUri":"/15578247369375357890/N3715a671-4ac3-4325-af44-98a45e9b08c1-wide.png"},"connectionReferences":{},"databaseReferences":{},"almMode":"Environment","performanceOptimizationEnabled":true,"canConsumeAppPass":true,"executionRestrictions":{"isTeamsOnly":false,"dataLossPreventionEvaluationResult":{"status":"Compliant","lastEvaluationDate":"2020-09-09T01:53:23.5194961Z","violationDetails":[]}}},"isAppComponentLibrary":false,"appType":"ClassicCanvasApp","appComponents":[]}}